uid,roboflow_split,file_name,source,frame,count,split
train/0,train,2022_12_7_1_A-creport_181_jpg.rf.HnH6PEXE8g1Pz4dO4eTe.jpg,2022_12_7_1_A,181,53,valid
train/1,train,2022_12_7_2_B-creport_572_jpg.rf.37WTuSMFSeH1gb6nzAK0.jpg,2022_12_7_2_B,572,35,train
train/2,train,2022_12_7_1_B-creport_254_jpg.rf.33wvrcXApNP9YaxBF2jA.jpg,2022_12_7_1_B,254,70,train
train/3,train,2022_12_7_1_B-creport_333_jpg.rf.HdMsIzrsoZyUoES4J5sk.jpg,2022_12_7_1_B,333,81,test
train/4,train,2022_12_7_1_A-creport_146_jpg.rf.GjExIuUcmwCRB2IYeJv1.jpg,2022_12_7_1_A,146,58,train
train/5,train,2022_12_7_1_B-creport_302_jpg.rf.HgiyYQ7K8m2m8pJzJaNb.jpg,2022_12_7_1_B,302,67,valid
train/6,train,2022_12_7_2_A-creport_438_jpg.rf.IEivuzGPz1tvVHubaTx8.jpg,2022_12_7_2_A,438,35,test
train/7,train,2022_12_7_2_B-creport_512_jpg.rf.Im1tb9ILZse6RWzQcuOW.jpg,2022_12_7_2_B,512,37,valid
train/8,train,2022_12_7_1_A-creport_144_jpg.rf.Hj0tfl0X4ccFz9BATsj6.jpg,2022_12_7_1_A,144,49,train
train/9,train,2022_12_7_2_A-creport_424_jpg.rf.GpVO0vkCH0EKDSb5w05R.jpg,2022_12_7_2_A,424,26,train
train/10,train,2022_12_7_2_A-creport_453_jpg.rf.HpNM8WanUgsH4DapTSgP.jpg,2022_12_7_2_A,453,41,valid
train/11,train,2022_12_7_2_A-creport_463_jpg.rf.UQ9yih6H5vblfjQKBD4T.jpg,2022_12_7_2_A,463,40,valid
train/12,train,2022_12_7_2_B-creport_564_jpg.rf.UcRwOCaljIhP3zAeLPLQ.jpg,2022_12_7_2_B,564,32,test
train/13,train,2022_12_7_1_B-creport_309_jpg.rf.UbIuMmhmUlgtgL8BfOZy.jpg,2022_12_7_1_B,309,64,test
train/14,train,2022_12_7_1_A-creport_161_jpg.rf.UtyGuWXxkVknVBhq002Y.jpg,2022_12_7_1_A,161,61,train
train/15,train,2022_12_7_2_A-creport_422_jpg.rf.I8ZvUQDj8QmCLIPYAidV.jpg,2022_12_7_2_A,422,45,valid
train/16,train,2022_12_7_1_A-creport_167_jpg.rf.VOeCgOtHkzOZxdNmpwQr.jpg,2022_12_7_1_A,167,57,train
train/17,train,2022_12_7_3_A-creport_691_jpg.rf.UYZAKv6Af6Ll8igzkRSa.jpg,2022_12_7_3_A,691,68,test
train/18,train,2022_12_7_2_A-creport_433_jpg.rf.JQRpBDhDEoG0u5OlagPy.jpg,2022_12_7_2_A,433,46,train
train/19,train,2022_12_7_1_A-creport_124_jpg.rf.JSQQ12zsHWMRkpekyEWg.jpg,2022_12_7_1_A,124,67,test
train/20,train,2022_12_7_1_B-creport_258_jpg.rf.J7SEUxF39PhYSw4VmeWq.jpg,2022_12_7_1_B,258,55,test
train/21,train,2022_12_7_3_A-creport_706_jpg.rf.Uu9OybsIJq1yCVgdQLBR.jpg,2022_12_7_3_A,706,63,test
train/22,train,2022_12_7_1_A-creport_138_jpg.rf.JSRLKYdUckCod01r6DTF.jpg,2022_12_7_1_A,138,65,test
train/23,train,2022_12_7_3_A-creport_705_jpg.rf.UyO7GgRJgwAkrPhYSUtm.jpg,2022_12_7_3_A,705,63,train
train/24,train,2022_12_7_1_B-creport_264_jpg.rf.WAaWk2apyPWxuiu9WPo3.jpg,2022_12_7_1_B,264,74,train
train/25,train,2022_12_7_1_A-creport_171_jpg.rf.UdldXdBzCy4fNS5cBYT5.jpg,2022_12_7_1_A,171,61,train
train/26,train,2022_12_7_2_B-creport_507_jpg.rf.VXVU8xvtAYs1h70QiZxR.jpg,2022_12_7_2_B,507,38,valid
train/27,train,2022_12_7_2_B-creport_518_jpg.rf.W5WX3nhQcosUUWC1hRPw.jpg,2022_12_7_2_B,518,41,train
train/28,train,2022_12_7_1_B-creport_315_jpg.rf.KOKRqDEvBZCTzLmBClgs.jpg,2022_12_7_1_B,315,69,valid
train/29,train,2022_12_7_2_B-creport_591_jpg.rf.TUgoqA5FeHIXDfQ7EoBj.jpg,2022_12_7_2_B,591,42,train
train/30,train,2022_12_7_2_B-creport_497_jpg.rf.KlXZs77CBREYg7Tut8oN.jpg,2022_12_7_2_B,497,48,train
train/31,train,2022_12_7_2_B-creport_557_jpg.rf.dm0t6vXlLtBJq7Pp92dr.jpg,2022_12_7_2_B,557,39,train
train/32,train,2022_12_7_2_B-creport_578_jpg.rf.VK51Wb1LdabvkRIxM9f6.jpg,2022_12_7_2_B,578,56,train
train/33,train,2022_12_7_1_B-creport_295_jpg.rf.fYaQQxbHWrShGKvb2t0S.jpg,2022_12_7_1_B,295,72,train
train/34,train,2022_12_7_2_A-creport_415_jpg.rf.TpxcUYu9i11ggcd1iWlP.jpg,2022_12_7_2_A,415,37,train
train/35,train,2022_12_7_2_B-creport_513_jpg.rf.dy4Asd85U3LGVHoY1b05.jpg,2022_12_7_2_B,513,55,train
train/36,train,2022_12_7_2_B-creport_546_jpg.rf.eJz1GrlFpgRmaI7hx0Wp.jpg,2022_12_7_2_B,546,58,train
train/37,train,2022_12_7_2_B-creport_575_jpg.rf.KIZ2XXmPNfkLRxUhYHQq.jpg,2022_12_7_2_B,575,32,test
train/38,train,2022_12_7_1_A-creport_188_jpg.rf.dwbp6t3y9x5IGeRLPiE0.jpg,2022_12_7_1_A,188,37,train
train/39,train,2022_12_7_2_B-creport_536_jpg.rf.gfYh0cLctKEMyKh1rBld.jpg,2022_12_7_2_B,536,45,train
train/40,train,2022_12_7_3_A-creport_708_jpg.rf.fcQsjTaZxAjbmnOU0IyA.jpg,2022_12_7_3_A,708,61,train
train/41,train,2022_12_7_2_A-creport_454_jpg.rf.gLV2YubbJegxMJ4Xag5g.jpg,2022_12_7_2_A,454,46,train
train/42,train,2022_12_7_1_B-creport_250_jpg.rf.hCMn6K28Gt8MNwiLaAxm.jpg,2022_12_7_1_B,250,59,train
train/43,train,2022_12_7_1_B-creport_291_jpg.rf.hAaIUpV2VxYfbqY6LvlY.jpg,2022_12_7_1_B,291,83,train
train/44,train,2022_12_7_3_A-creport_632_jpg.rf.eLAhGErwbjR1Sh7xZ0hH.jpg,2022_12_7_3_A,632,56,train
train/45,train,2022_12_7_3_A-creport_660_jpg.rf.eSHxnOyyK2IR0agmF4kW.jpg,2022_12_7_3_A,660,75,test
train/46,train,2022_12_7_2_A-creport_432_jpg.rf.g9Xn4fEEcNXWLjDd61r4.jpg,2022_12_7_2_A,432,32,train
train/47,train,2022_12_7_3_A-creport_686_jpg.rf.UHhfBO49fsbFNQKrajdV.jpg,2022_12_7_3_A,686,48,test
train/48,train,2022_12_7_2_A-creport_441_jpg.rf.fuwsJN4jIO8ivfPQx5KY.jpg,2022_12_7_2_A,441,26,test
train/49,train,2022_12_7_1_B-creport_343_jpg.rf.hRrFH9SIjYaS9naRaerP.jpg,2022_12_7_1_B,343,71,train
train/50,train,2022_12_7_2_A-creport_455_jpg.rf.mPCPcpkiuhUpPDeaeCbI.jpg,2022_12_7_2_A,455,42,train
train/51,train,2022_12_7_1_A-creport_173_jpg.rf.n5SqNI3nyuIQT8a7cxSv.jpg,2022_12_7_1_A,173,60,train
train/52,train,2022_12_7_3_A-creport_696_jpg.rf.h7jyzXzqYfuTLmEZGtRQ.jpg,2022_12_7_3_A,696,60,train
train/53,train,2022_12_7_3_A-creport_606_jpg.rf.nZMo9qyg2zscgCSbA4A3.jpg,2022_12_7_3_A,606,60,train
train/54,train,2022_12_7_1_A-creport_213_jpg.rf.mvFXmn1slwRLuX8P7piT.jpg,2022_12_7_1_A,213,67,train
train/55,train,2022_12_7_3_A-creport_613_jpg.rf.U0w4BjsKFtUvclvaixXR.jpg,2022_12_7_3_A,613,55,test
train/56,train,2022_12_7_2_B-creport_500_jpg.rf.UGTMbUQRfDLaQcNVTV74.jpg,2022_12_7_2_B,500,47,train
train/57,train,2022_12_7_2_B-creport_523_jpg.rf.f1isFiztLUkHHOIFLIdw.jpg,2022_12_7_2_B,523,39,train
train/58,train,2022_12_7_2_B-creport_490_jpg.rf.nuGo8P80LTS3B1gQrq0j.jpg,2022_12_7_2_B,490,39,valid
train/59,train,2022_12_7_3_A-creport_679_jpg.rf.mc5goPQLImdegVFBTjPa.jpg,2022_12_7_3_A,679,81,train
train/60,train,2022_12_7_1_A-creport_129_jpg.rf.gFBX0IZxmDQWwLnN2jCR.jpg,2022_12_7_1_A,129,54,train
train/61,train,2022_12_7_2_B-creport_498_jpg.rf.hEw4pFfOanhRApiQsgH2.jpg,2022_12_7_2_B,498,70,train
train/62,train,2022_12_7_3_A-creport_621_jpg.rf.gx6ss81NmZXtXZ908Bx4.jpg,2022_12_7_3_A,621,58,valid
train/63,train,2022_12_7_1_B-creport_253_jpg.rf.UNg2EcucNZvBtqopRTOP.jpg,2022_12_7_1_B,253,57,train
train/64,train,2022_12_7_2_B-creport_565_jpg.rf.mef0uehIKOb6Ig0xxbTt.jpg,2022_12_7_2_B,565,34,train
train/65,train,2022_12_7_1_B-creport_324_jpg.rf.mfF0sFxWgZVCXRVvXApF.jpg,2022_12_7_1_B,324,61,train
train/66,train,2022_12_7_2_A-creport_462_jpg.rf.oW9RfvjmGGZB7ijbGnu1.jpg,2022_12_7_2_A,462,37,train
train/67,train,2022_12_7_1_A-creport_223_jpg.rf.nwTPThJ2eHVFTeFNRQKM.jpg,2022_12_7_1_A,223,49,train
train/68,train,2022_12_7_2_B-creport_556_jpg.rf.oKCWtFHAEG1I8F1j66eZ.jpg,2022_12_7_2_B,556,55,train
train/69,train,2022_12_7_3_A-creport_614_jpg.rf.ogsfA87qF6T5qnzr8Pn3.jpg,2022_12_7_3_A,614,60,train
train/70,train,2022_12_7_3_A-creport_702_jpg.rf.3ggSdzgli5cLNK2th3Z9.jpg,2022_12_7_3_A,702,77,valid
train/71,train,2022_12_7_2_A-creport_392_jpg.rf.oGnJL6by6UXdFc0VhGgz.jpg,2022_12_7_2_A,392,40,train
train/72,train,2022_12_7_2_B-creport_592_jpg.rf.hmIGITlzFezePMXFN7uG.jpg,2022_12_7_2_B,592,48,test
train/73,train,2022_12_7_2_A-creport_465_jpg.rf.AlikDlGgehTuZEbasB4G.jpg,2022_12_7_2_A,465,43,test
train/74,train,2022_12_7_3_A-creport_635_jpg.rf.BIaKwCzaiXyaYVfMbifz.jpg,2022_12_7_3_A,635,43,train
train/75,train,2022_12_7_2_B-creport_540_jpg.rf.AjtbQDq3DWUnxsVazzSr.jpg,2022_12_7_2_B,540,31,train
train/76,train,2022_12_7_2_B-creport_568_jpg.rf.Bkd8bzdEgbiMmqM45iGS.jpg,2022_12_7_2_B,568,47,test
train/77,train,2022_12_7_2_A-creport_401_jpg.rf.3zf5QL5wYDZXAFhjuiWu.jpg,2022_12_7_2_A,401,23,valid
train/78,train,2022_12_7_3_A-creport_688_jpg.rf.ebPCQBFvvk0gpihdPmu9.jpg,2022_12_7_3_A,688,73,train
train/79,train,2022_12_7_3_A-creport_707_jpg.rf.o2lghvoGzuz79eQYXoaR.jpg,2022_12_7_3_A,707,65,train
train/80,train,2022_12_7_2_B-creport_532_jpg.rf.mFbkC9Ax3Pio7OkYX3Sn.jpg,2022_12_7_2_B,532,40,train
train/81,train,2022_12_7_1_B-creport_323_jpg.rf.4unmZYs2dYStS1Gnsz6k.jpg,2022_12_7_1_B,323,65,train
train/82,train,2022_12_7_2_B-creport_487_jpg.rf.4VeFlzYLpELXNdiTWhOn.jpg,2022_12_7_2_B,487,44,train
train/83,train,2022_12_7_1_B-creport_341_jpg.rf.nRs42avK22LPJL5Vu3Bd.jpg,2022_12_7_1_B,341,70,valid
train/84,train,2022_12_7_1_A-creport_157_jpg.rf.4EfX6fTUfeeEQ0tiKwLJ.jpg,2022_12_7_1_A,157,73,train
train/85,train,2022_12_7_1_A-creport_183_jpg.rf.3kNzxQK99u8THsZ3Kzy6.jpg,2022_12_7_1_A,183,59,train
train/86,train,2022_12_7_3_A-creport_700_jpg.rf.nxPAw8cMuYCcjxLsc2Lg.jpg,2022_12_7_3_A,700,54,train
train/87,train,2022_12_7_1_B-creport_322_jpg.rf.4Crlj6K661MUtvrC74yT.jpg,2022_12_7_1_B,322,68,valid
train/88,train,2022_12_7_1_B-creport_338_jpg.rf.3oM2C1v38svdpPf3Wfsd.jpg,2022_12_7_1_B,338,78,test
train/89,train,2022_12_7_1_B-creport_273_jpg.rf.CO0SSpb205u3qMxgJOuw.jpg,2022_12_7_1_B,273,66,valid
train/90,train,2022_12_7_2_B-creport_587_jpg.rf.5IfROMyiIlzMaUJWidvD.jpg,2022_12_7_2_B,587,38,train
train/91,train,2022_12_7_1_B-creport_278_jpg.rf.D5epMJlDYPHUSx4FuRic.jpg,2022_12_7_1_B,278,80,train
train/92,train,2022_12_7_3_A-creport_636_jpg.rf.3dZZknjsEk0R8rfqQ04o.jpg,2022_12_7_3_A,636,68,train
train/93,train,2022_12_7_2_B-creport_581_jpg.rf.4YISFFQc7VhESnJWmlxv.jpg,2022_12_7_2_B,581,40,train
train/94,train,2022_12_7_1_A-creport_195_jpg.rf.6909Rvzj3iXjpcTi4xH5.jpg,2022_12_7_1_A,195,55,train
train/95,train,2022_12_7_1_B-creport_293_jpg.rf.oaDDxJkrkTr8Mw88rNUW.jpg,2022_12_7_1_B,293,76,train
train/96,train,2022_12_7_2_B-creport_537_jpg.rf.EGnjnloCv8au5IUL094J.jpg,2022_12_7_2_B,537,46,valid
train/97,train,2022_12_7_1_A-creport_172_jpg.rf.6zlP3nqf9M4b59mjtvbs.jpg,2022_12_7_1_A,172,49,train
train/98,train,2022_12_7_3_A-creport_695_jpg.rf.BkxdFSwidyFwi4vqJhXF.jpg,2022_12_7_3_A,695,60,train
train/99,train,2022_12_7_2_A-creport_451_jpg.rf.BpEsrVwlkBGZOGiueqdM.jpg,2022_12_7_2_A,451,38,train
train/100,train,2022_12_7_2_A-creport_376_jpg.rf.ylaGRF3SXe5f2QilLPml.jpg,2022_12_7_2_A,376,34,train
train/101,train,2022_12_7_1_B-creport_276_jpg.rf.CWZCUFdiE2nDR4kr6qVp.jpg,2022_12_7_1_B,276,73,train
train/102,train,2022_12_7_1_A-creport_229_jpg.rf.B0Wyfo1E6nlbsKXngjhg.jpg,2022_12_7_1_A,229,55,test
train/103,train,2022_12_7_1_B-creport_308_jpg.rf.X44jGLHr22mpS60UFhJK.jpg,2022_12_7_1_B,308,71,train
train/104,train,2022_12_7_1_A-creport_121_jpg.rf.4jvuMA2q5YJNO8RtzLm2.jpg,2022_12_7_1_A,121,42,train
train/105,train,2022_12_7_3_A-creport_711_jpg.rf.XDtDPalMVO2bTJmbCt25.jpg,2022_12_7_3_A,711,54,train
train/106,train,2022_12_7_1_B-creport_266_jpg.rf.y72YXOCULgSQqXl78Rqx.jpg,2022_12_7_1_B,266,77,train
train/107,train,2022_12_7_1_A-creport_132_jpg.rf.5xpJSknHWLJaTVwOyaO9.jpg,2022_12_7_1_A,132,47,train
train/108,train,2022_12_7_2_A-creport_459_jpg.rf.5XcfZOk8oWKBwUa6x5ts.jpg,2022_12_7_2_A,459,41,train
train/109,train,2022_12_7_2_A-creport_457_jpg.rf.CW4NJAo7erwgIb8Tt6L9.jpg,2022_12_7_2_A,457,42,train
train/110,train,2022_12_7_1_B-creport_348_jpg.rf.DvPw50yNyBp2xT66ALCO.jpg,2022_12_7_1_B,348,76,train
train/111,train,2022_12_7_1_B-creport_303_jpg.rf.5jai37xdmqvMRzmwBFK6.jpg,2022_12_7_1_B,303,70,train
train/112,train,2022_12_7_1_A-creport_128_jpg.rf.zPfI8qyeU0Tz7RksOQWd.jpg,2022_12_7_1_A,128,46,train
train/113,train,2022_12_7_2_B-creport_488_jpg.rf.z177wUUeWXyPDOlVqJMo.jpg,2022_12_7_2_B,488,48,train
train/114,train,2022_12_7_3_A-creport_673_jpg.rf.BwOQviD6m8TW62CFh5Yn.jpg,2022_12_7_3_A,673,66,train
train/115,train,2022_12_7_2_A-creport_425_jpg.rf.Drpe1wi8fQUVPVTkRapR.jpg,2022_12_7_2_A,425,45,train
train/116,train,2022_12_7_3_A-creport_647_jpg.rf.5DlzgDjBJvhW0LwhllIl.jpg,2022_12_7_3_A,647,59,valid
train/117,train,2022_12_7_1_B-creport_349_jpg.rf.DTpVOLJ38vmqTWKgTKAh.jpg,2022_12_7_1_B,349,56,train
train/118,train,2022_12_7_1_B-creport_305_jpg.rf.4xmpd0L0nIElzgbLpxwU.jpg,2022_12_7_1_B,305,75,train
train/119,train,2022_12_7_2_A-creport_389_jpg.rf.5WbokjkZC6nqPeqkUpgy.jpg,2022_12_7_2_A,389,39,train
train/120,train,2022_12_7_2_B-creport_584_jpg.rf.zGDvrEe8irRGSPWvHmow.jpg,2022_12_7_2_B,584,35,train
train/121,train,2022_12_7_1_B-creport_306_jpg.rf.6tHuXe0CX6LWoM0A2khB.jpg,2022_12_7_1_B,306,83,train
train/122,train,2022_12_7_2_B-creport_520_jpg.rf.5Hu35NNIjp1UCyIqUzVa.jpg,2022_12_7_2_B,520,43,train
train/123,train,2022_12_7_3_A-creport_643_jpg.rf.zwt2UezKW05CnNOctWtw.jpg,2022_12_7_3_A,643,53,train
train/124,train,2022_12_7_2_A-creport_464_jpg.rf.BBHlmeC051dIN5RoqdH5.jpg,2022_12_7_2_A,464,33,train
train/125,train,2022_12_7_1_A-creport_184_jpg.rf.XohPCgKpdHVtzRmuloUC.jpg,2022_12_7_1_A,184,46,test
train/126,train,2022_12_7_2_B-creport_589_jpg.rf.4wBHus8kkqJK8sGR0rWW.jpg,2022_12_7_2_B,589,55,valid
train/127,train,2022_12_7_1_B-creport_304_jpg.rf.y3t2LO0SbNhfEdw7aLwk.jpg,2022_12_7_1_B,304,58,train
train/128,train,2022_12_7_3_A-creport_630_jpg.rf.EMiYQwSEEgpz0oyT71KT.jpg,2022_12_7_3_A,630,70,test
train/129,train,2022_12_7_1_A-creport_168_jpg.rf.WtoM2eb8CYjuSE3QhVwh.jpg,2022_12_7_1_A,168,54,train
train/130,train,2022_12_7_1_A-creport_158_jpg.rf.XGqMGVUa8Bxsr8EFop3b.jpg,2022_12_7_1_A,158,56,train
train/131,train,2022_12_7_2_B-creport_535_jpg.rf.yRTZm12ZuQuXRdCTyYAi.jpg,2022_12_7_2_B,535,32,train
train/132,train,2022_12_7_1_B-creport_286_jpg.rf.XilpJLHJvBsxeUsaDwe4.jpg,2022_12_7_1_B,286,80,train
train/133,train,2022_12_7_2_A-creport_456_jpg.rf.p6uczMeHXIJb6JzZtSK1.jpg,2022_12_7_2_A,456,32,train
train/134,train,2022_12_7_2_A-creport_391_jpg.rf.yxWp2zoXLyElQKnCHv6u.jpg,2022_12_7_2_A,391,29,train
train/135,train,2022_12_7_1_A-creport_193_jpg.rf.6MQ61FyKoVPzmncisABq.jpg,2022_12_7_1_A,193,57,train
train/136,train,2022_12_7_2_A-creport_414_jpg.rf.zajDKYWadOcha5P5nrSz.jpg,2022_12_7_2_A,414,40,valid
train/137,train,2022_12_7_1_A-creport_222_jpg.rf.zxWoNlB2DMYXtG9cNtLQ.jpg,2022_12_7_1_A,222,32,train
train/138,train,2022_12_7_1_A-creport_163_jpg.rf.Yo1nBB1xFucfnNHOHuBp.jpg,2022_12_7_1_A,163,44,train
train/139,train,2022_12_7_2_B-creport_502_jpg.rf.8JIy8WDmqSb7MKXrYf0G.jpg,2022_12_7_2_B,502,52,train
train/140,train,2022_12_7_2_B-creport_573_jpg.rf.ZUaz6GNl4S5yjGtlvzfK.jpg,2022_12_7_2_B,573,41,train
train/141,train,2022_12_7_1_B-creport_290_jpg.rf.zcNyJ9CCxfQJaFNtnFx5.jpg,2022_12_7_1_B,290,79,train
train/142,train,2022_12_7_1_B-creport_283_jpg.rf.zrNq0XwJvec4vz2xPjMF.jpg,2022_12_7_1_B,283,82,test
train/143,train,2022_12_7_2_A-creport_409_jpg.rf.6hggn060GnLtoVER5idY.jpg,2022_12_7_2_A,409,32,train
train/144,train,2022_12_7_2_B-creport_577_jpg.rf.ZXQftJuN0WDLTEW9bssQ.jpg,2022_12_7_2_B,577,36,test
train/145,train,2022_12_7_1_A-creport_207_jpg.rf.7v3WmEP7Wu367eeZd4Ow.jpg,2022_12_7_1_A,207,45,test
train/146,train,2022_12_7_2_A-creport_435_jpg.rf.ygLoRIlOKiISxiZXADgn.jpg,2022_12_7_2_A,435,31,train
train/147,train,2022_12_7_1_A-creport_202_jpg.rf.Y7JJrx74JqHp4r0i0VAU.jpg,2022_12_7_1_A,202,50,train
train/148,train,2022_12_7_1_A-creport_123_jpg.rf.7FoseBD5KRa6ninhnqqL.jpg,2022_12_7_1_A,123,47,train
train/149,train,2022_12_7_2_B-creport_526_jpg.rf.7t44YOxaSlmpcOp1kEkW.jpg,2022_12_7_2_B,526,42,train
train/150,train,2022_12_7_2_A-creport_382_jpg.rf.YBGMkQGPtgyLkwELEw5W.jpg,2022_12_7_2_A,382,32,train
train/151,train,2022_12_7_1_A-creport_178_jpg.rf.78yhBwniTh2egopQBoS5.jpg,2022_12_7_1_A,178,43,train
train/152,train,2022_12_7_1_B-creport_321_jpg.rf.7E3XXrI6iL7d64cVa2Hx.jpg,2022_12_7_1_B,321,66,train
train/153,train,2022_12_7_1_B-creport_342_jpg.rf.9psI0F8coHzBOVuaXwI5.jpg,2022_12_7_1_B,342,77,valid
train/154,train,2022_12_7_1_B-creport_289_jpg.rf.A2JSZAz2WpOA5uk3RUr6.jpg,2022_12_7_1_B,289,71,train
train/155,train,2022_12_7_2_B-creport_562_jpg.rf.9wmsrNzu5DjcPRBrJ3DE.jpg,2022_12_7_2_B,562,36,train
train/156,train,2022_12_7_2_B-creport_521_jpg.rf.Zrk0ERUP0810D3aMQCBG.jpg,2022_12_7_2_B,521,48,train
train/157,train,2022_12_7_3_A-creport_642_jpg.rf.9mun0cgPLx2yVh3TFv3X.jpg,2022_12_7_3_A,642,58,valid
train/158,train,2022_12_7_2_B-creport_517_jpg.rf.Z2DBRloD6J8Y5lQe5y7l.jpg,2022_12_7_2_B,517,43,valid
train/159,train,2022_12_7_1_A-creport_134_jpg.rf.WoNJhiDOQTxboDBfGKBq.jpg,2022_12_7_1_A,134,50,train
train/160,train,2022_12_7_2_B-creport_504_jpg.rf.YD3sabSe0yRPk9iVoWoF.jpg,2022_12_7_2_B,504,40,train
train/161,train,2022_12_7_2_B-creport_561_jpg.rf.7Ojo5kTHx7J7rpjahqAT.jpg,2022_12_7_2_B,561,38,train
train/162,train,2022_12_7_1_B-creport_336_jpg.rf.Z7FTubZ4IyhkpRLmdDMb.jpg,2022_12_7_1_B,336,72,train
train/163,train,2022_12_7_1_B-creport_267_jpg.rf.ZyO0txsQ5Wc1ji6Zr1VW.jpg,2022_12_7_1_B,267,82,train
train/164,train,2022_12_7_2_A-creport_412_jpg.rf.aesuodjdAfKtIglCklZI.jpg,2022_12_7_2_A,412,38,valid
train/165,train,2022_12_7_2_B-creport_533_jpg.rf.A6Xv87o6ktdvarbTHYwS.jpg,2022_12_7_2_B,533,32,train
train/166,train,2022_12_7_1_B-creport_277_jpg.rf.7h2sf3K3ZGliP6v3lotg.jpg,2022_12_7_1_B,277,77,train
train/167,train,2022_12_7_1_B-creport_257_jpg.rf.A3YiJNINVyvCppjVUF3z.jpg,2022_12_7_1_B,257,65,train
train/168,train,2022_12_7_2_A-creport_369_jpg.rf.8kaNcA3WLJHt5jUXJ5Fg.jpg,2022_12_7_2_A,369,44,train
train/169,train,2022_12_7_2_B-creport_574_jpg.rf.8kivmAcR9w8gznEBbnmc.jpg,2022_12_7_2_B,574,37,train
train/170,train,2022_12_7_2_A-creport_374_jpg.rf.aRoQTfb0Y7VyEXUaDvnt.jpg,2022_12_7_2_A,374,42,test
train/171,train,2022_12_7_2_B-creport_583_jpg.rf.9DWrcPIv01Lny571iFl6.jpg,2022_12_7_2_B,583,40,valid
train/172,train,2022_12_7_3_A-creport_683_jpg.rf.ZxzjbZbFhFAKrSD5W9ya.jpg,2022_12_7_3_A,683,52,train
train/173,train,2022_12_7_1_A-creport_174_jpg.rf.avdboXMvYN8OcxAoneYw.jpg,2022_12_7_1_A,174,56,train
train/174,train,2022_12_7_3_A-creport_622_jpg.rf.a1oElzuP8yJM6WW5eJch.jpg,2022_12_7_3_A,622,79,train
train/175,train,2022_12_7_1_A-creport_141_jpg.rf.ZmTbU5f50h94EaA62nEk.jpg,2022_12_7_1_A,141,49,train
train/176,train,2022_12_7_2_A-creport_371_jpg.rf.kn2EvhOqdtSFrAy2Sb6Z.jpg,2022_12_7_2_A,371,31,valid
train/177,train,2022_12_7_3_A-creport_694_jpg.rf.beDtpA0e3CewYZcTOkfn.jpg,2022_12_7_3_A,694,65,test
train/178,train,2022_12_7_1_B-creport_311_jpg.rf.jWfq7tY6FPlK7GI4uS2Q.jpg,2022_12_7_1_B,311,72,train
train/179,train,2022_12_7_2_A-creport_380_jpg.rf.8ndReHhd2vooYWMDBxaE.jpg,2022_12_7_2_A,380,32,train
train/180,train,2022_12_7_1_B-creport_345_jpg.rf.YbCseqanjvkJ5bBEfg3F.jpg,2022_12_7_1_B,345,71,train
train/181,train,2022_12_7_1_A-creport_155_jpg.rf.bF9UsMrADBgJ2A11MCm4.jpg,2022_12_7_1_A,155,37,train
train/182,train,2022_12_7_1_A-creport_133_jpg.rf.cdk7Y7zAOg1JlDz8yuJa.jpg,2022_12_7_1_A,133,41,test
train/183,train,2022_12_7_3_A-creport_682_jpg.rf.XaGQCJza7t5FCXDjvGF6.jpg,2022_12_7_3_A,682,61,train
train/184,train,2022_12_7_1_B-creport_316_jpg.rf.bp3bMNEGFyyiHkfFmHQ9.jpg,2022_12_7_1_B,316,82,train
train/185,train,2022_12_7_1_A-creport_156_jpg.rf.j3XhpxOOxKuL146WR7ye.jpg,2022_12_7_1_A,156,57,train
train/186,train,2022_12_7_2_A-creport_385_jpg.rf.bsjmpJ4Bnrh2AbJbq1Ue.jpg,2022_12_7_2_A,385,30,train
train/187,train,2022_12_7_1_B-creport_281_jpg.rf.kZYTN7LAElqSjEX9W2Mh.jpg,2022_12_7_1_B,281,66,train
train/188,train,2022_12_7_2_A-creport_442_jpg.rf.Y2JRehrkcIfMa2KCv82d.jpg,2022_12_7_2_A,442,41,train
train/189,train,2022_12_7_1_A-creport_204_jpg.rf.iOi3sg2OctXmINSaOXnt.jpg,2022_12_7_1_A,204,45,train
train/190,train,2022_12_7_2_A-creport_452_jpg.rf.YTCCEzBoXZqZ9QoGdx0V.jpg,2022_12_7_2_A,452,39,train
train/191,train,2022_12_7_1_B-creport_249_jpg.rf.jINc2CZQc0p5UIiKLVgP.jpg,2022_12_7_1_B,249,76,train
train/192,train,2022_12_7_3_A-creport_668_jpg.rf.A5HQqwkc0RbA37aY1Vn5.jpg,2022_12_7_3_A,668,79,test
train/193,train,2022_12_7_2_B-creport_492_jpg.rf.cmkhZqGVohkbTP4eVvlY.jpg,2022_12_7_2_B,492,46,train
train/194,train,2022_12_7_1_B-creport_271_jpg.rf.lHrxnaJPVe5qtLM6kwjl.jpg,2022_12_7_1_B,271,82,train
train/195,train,2022_12_7_2_A-creport_444_jpg.rf.igzROM5apvopMa0wFKsm.jpg,2022_12_7_2_A,444,38,valid
train/196,train,2022_12_7_1_B-creport_284_jpg.rf.m9HAwDK3AYNqfoP1mASg.jpg,2022_12_7_1_B,284,74,test
train/197,train,2022_12_7_1_B-creport_265_jpg.rf.kSh8LpOLoqeGoP2ukOAO.jpg,2022_12_7_1_B,265,75,test
train/198,train,2022_12_7_2_B-creport_522_jpg.rf.lITXhds2U2iKUbOXQvBI.jpg,2022_12_7_2_B,522,32,valid
train/199,train,2022_12_7_2_A-creport_420_jpg.rf.djwznp19WJVCquvKP7tv.jpg,2022_12_7_2_A,420,41,train
train/200,train,2022_12_7_3_A-creport_657_jpg.rf.b3KyiVqhnrRE7wm4txGl.jpg,2022_12_7_3_A,657,63,train
train/201,train,2022_12_7_1_A-creport_122_jpg.rf.LPtjoLCDoEtuwGxpGfRZ.jpg,2022_12_7_1_A,122,44,train
train/202,train,2022_12_7_2_A-creport_386_jpg.rf.k5HUDRS3Daz65pzeRyoT.jpg,2022_12_7_2_A,386,33,train
train/203,train,2022_12_7_2_A-creport_411_jpg.rf.ayF5zDYzCB3B5LzxJ32r.jpg,2022_12_7_2_A,411,47,valid
train/204,train,2022_12_7_3_A-creport_634_jpg.rf.AbZADZgW00Oun6nSJXGb.jpg,2022_12_7_3_A,634,59,train
train/205,train,2022_12_7_1_B-creport_334_jpg.rf.bszstdnPYryp4Fo47fpE.jpg,2022_12_7_1_B,334,76,train
train/206,train,2022_12_7_2_A-creport_470_jpg.rf.bunXkrm375uIFt0fREpi.jpg,2022_12_7_2_A,470,34,test
train/207,train,2022_12_7_1_A-creport_221_jpg.rf.cluCspfUEa0WHUcVm89S.jpg,2022_12_7_1_A,221,44,test
train/208,train,2022_12_7_3_A-creport_653_jpg.rf.lRl2D4bLmJJohd2v5WEE.jpg,2022_12_7_3_A,653,60,train
train/209,train,2022_12_7_1_B-creport_279_jpg.rf.jCSt0wkc0zEX8KXyjs15.jpg,2022_12_7_1_B,279,71,train
train/210,train,2022_12_7_3_A-creport_646_jpg.rf.k2rq4trCVy8h1sOz1fKZ.jpg,2022_12_7_3_A,646,67,train
train/211,train,2022_12_7_3_A-creport_605_jpg.rf.kn8hJWSSCuwXReFEyBWl.jpg,2022_12_7_3_A,605,58,train
train/212,train,2022_12_7_2_A-creport_418_jpg.rf.lZQQOT08XzdffY8VOL3o.jpg,2022_12_7_2_A,418,40,train
train/213,train,2022_12_7_2_A-creport_364_jpg.rf.chjnVzeLAgUsmtQE6p83.jpg,2022_12_7_2_A,364,35,valid
train/214,train,2022_12_7_2_B-creport_511_jpg.rf.NGtAhrHeX5ZUUl3yBtAI.jpg,2022_12_7_2_B,511,43,test
train/215,train,2022_12_7_2_A-creport_367_jpg.rf.cD7ewX02RlggdMqG2Ovv.jpg,2022_12_7_2_A,367,40,valid
train/216,train,2022_12_7_2_B-creport_555_jpg.rf.MkMOb4SRjhP0sv44MzVM.jpg,2022_12_7_2_B,555,37,train
train/217,train,2022_12_7_1_A-creport_217_jpg.rf.AQeqxWWoMp9nYR9qVatI.jpg,2022_12_7_1_A,217,46,train
train/218,train,2022_12_7_1_B-creport_280_jpg.rf.N0sjD6IQtS4KPIRgHQi2.jpg,2022_12_7_1_B,280,68,test
train/219,train,2022_12_7_3_A-creport_616_jpg.rf.Lmh4nsDss2o9bOz47rT8.jpg,2022_12_7_3_A,616,80,train
train/220,train,2022_12_7_3_A-creport_611_jpg.rf.M5lgRlisu7FJHR2xOwgH.jpg,2022_12_7_3_A,611,50,valid
train/221,train,2022_12_7_2_A-creport_471_jpg.rf.dBe7Gp64wcwfSLG6dijI.jpg,2022_12_7_2_A,471,40,train
train/222,train,2022_12_7_1_B-creport_330_jpg.rf.NNLtGXAUcrRFrpVE3WmL.jpg,2022_12_7_1_B,330,67,train
train/223,train,2022_12_7_1_A-creport_205_jpg.rf.krNaeJ22myi8PmvQgz52.jpg,2022_12_7_1_A,205,53,train
train/224,train,2022_12_7_3_A-creport_654_jpg.rf.LFpecyJQHdk9a0yUltUn.jpg,2022_12_7_3_A,654,49,test
train/225,train,2022_12_7_2_A-creport_387_jpg.rf.XOfDurJm5JSyaegkWOk8.jpg,2022_12_7_2_A,387,29,train
train/226,train,2022_12_7_2_B-creport_484_jpg.rf.lnGhLYjKBKViOvxoMR8Z.jpg,2022_12_7_2_B,484,47,train
train/227,train,2022_12_7_1_B-creport_259_jpg.rf.c6pTij2KoLzH2qvxLusw.jpg,2022_12_7_1_B,259,71,train
train/228,train,2022_12_7_2_B-creport_548_jpg.rf.M5txrc2ToyHghCyo70FD.jpg,2022_12_7_2_B,548,41,valid
train/229,train,2022_12_7_3_A-creport_684_jpg.rf.NhsYZStGTDCANh7PCutM.jpg,2022_12_7_3_A,684,73,train
train/230,train,2022_12_7_1_B-creport_337_jpg.rf.cu1ksX4l78fHw81qh5Wg.jpg,2022_12_7_1_B,337,91,train
train/231,train,2022_12_7_2_B-creport_551_jpg.rf.NpGjRwDaMTwvEpx7BLRL.jpg,2022_12_7_2_B,551,27,valid
train/232,train,2022_12_7_2_A-creport_445_jpg.rf.Ldx4OJZ3TN0cuq54NyKa.jpg,2022_12_7_2_A,445,32,test
train/233,train,2022_12_7_2_A-creport_446_jpg.rf.OSiMAA9BTWxBjbssXREd.jpg,2022_12_7_2_A,446,36,valid
train/234,train,2022_12_7_2_A-creport_419_jpg.rf.NATKOMmb8ALFTeCDRBOj.jpg,2022_12_7_2_A,419,39,train
train/235,train,2022_12_7_1_A-creport_224_jpg.rf.MNNWnbysnJJqYdQZrNCt.jpg,2022_12_7_1_A,224,57,valid
train/236,train,2022_12_7_1_A-creport_139_jpg.rf.MKOQPVEsG3TiT4OAKUNZ.jpg,2022_12_7_1_A,139,44,test
train/237,train,2022_12_7_2_A-creport_397_jpg.rf.LanhEL1ddAmUr5veK92e.jpg,2022_12_7_2_A,397,39,train
train/238,train,2022_12_7_2_A-creport_421_jpg.rf.ZAJX9T5tKzsPEhRKbNET.jpg,2022_12_7_2_A,421,33,train
train/239,train,2022_12_7_2_B-creport_558_jpg.rf.MGtD4vmSgIIo9d1dGpEv.jpg,2022_12_7_2_B,558,44,test
train/240,train,2022_12_7_1_A-creport_206_jpg.rf.Oxvv2Ocqg8pHQRHc8Sag.jpg,2022_12_7_1_A,206,48,train
train/241,train,2022_12_7_2_A-creport_407_jpg.rf.NSsYM512vKw3UiK3qbIw.jpg,2022_12_7_2_A,407,30,test
train/242,train,2022_12_7_1_A-creport_214_jpg.rf.O4SGT5qbPxoFnomVzB4L.jpg,2022_12_7_1_A,214,62,train
train/243,train,2022_12_7_1_B-creport_261_jpg.rf.PiH8ihp4TiENINFT2mfa.jpg,2022_12_7_1_B,261,61,test
train/244,train,2022_12_7_1_A-creport_212_jpg.rf.PX7IND1Bg5iiV7wDYXH0.jpg,2022_12_7_1_A,212,50,train
train/245,train,2022_12_7_1_A-creport_165_jpg.rf.NWfyYbbd2VUi6No6fTM2.jpg,2022_12_7_1_A,165,49,test
train/246,train,2022_12_7_1_A-creport_218_jpg.rf.Q1G1EYTK4pnyLEksUA0d.jpg,2022_12_7_1_A,218,53,train
train/247,train,2022_12_7_2_B-creport_530_jpg.rf.Q0gFCuSX8SHvrsOKWyoM.jpg,2022_12_7_2_B,530,41,train
train/248,train,2022_12_7_1_A-creport_151_jpg.rf.O0c6DqHWOiCRKyLdyRjb.jpg,2022_12_7_1_A,151,54,valid
train/249,train,2022_12_7_1_A-creport_177_jpg.rf.ORro52BJBvZau6K6CTHk.jpg,2022_12_7_1_A,177,45,valid
train/250,train,2022_12_7_2_A-creport_404_jpg.rf.NAtCvydrMDw2HX62DxI6.jpg,2022_12_7_2_A,404,37,train
train/251,train,2022_12_7_2_B-creport_588_jpg.rf.P4HjZVxPe3CcIlWdpU2l.jpg,2022_12_7_2_B,588,29,train
train/252,train,2022_12_7_1_B-creport_314_jpg.rf.Q6tLeGVgTDFzHKOmxGeR.jpg,2022_12_7_1_B,314,69,test
train/253,train,2022_12_7_3_A-creport_697_jpg.rf.PdbAdAZrCq8QumNcAm5f.jpg,2022_12_7_3_A,697,62,train
train/254,train,2022_12_7_1_A-creport_187_jpg.rf.Q0RXreOzNhbTUF06yqjj.jpg,2022_12_7_1_A,187,49,train
train/255,train,2022_12_7_3_A-creport_607_jpg.rf.NYIAGxCqQfmQDTq9V71C.jpg,2022_12_7_3_A,607,50,train
train/256,train,2022_12_7_2_A-creport_403_jpg.rf.RzwwCB7DUPgtLHhHOg0S.jpg,2022_12_7_2_A,403,44,train
train/257,train,2022_12_7_3_A-creport_701_jpg.rf.RFhIaGEjug4Tr9bQdDw0.jpg,2022_12_7_3_A,701,56,train
train/258,train,2022_12_7_1_B-creport_251_jpg.rf.OjXlSpueqPLj9kwEju6d.jpg,2022_12_7_1_B,251,67,test
train/259,train,2022_12_7_1_A-creport_154_jpg.rf.Ro3gO4QlnK9um3gEDv6E.jpg,2022_12_7_1_A,154,59,test
train/260,train,2022_12_7_3_A-creport_698_jpg.rf.QqBHDGj6B0TulcHIqqwL.jpg,2022_12_7_3_A,698,66,valid
train/261,train,2022_12_7_1_B-creport_242_jpg.rf.SFQ1G2SsPAxIFJabVAMw.jpg,2022_12_7_1_B,242,72,train
train/262,train,2022_12_7_2_B-creport_509_jpg.rf.qMbOWaACeg1cuqIySd77.jpg,2022_12_7_2_B,509,54,train
train/263,train,2022_12_7_2_A-creport_426_jpg.rf.TP6ffKsfxjGvy8qo71Kg.jpg,2022_12_7_2_A,426,41,train
train/264,train,2022_12_7_3_A-creport_662_jpg.rf.QVm9bmWvjRUAv4QsLqaH.jpg,2022_12_7_3_A,662,74,train
train/265,train,2022_12_7_3_A-creport_641_jpg.rf.Q6iBefiITVNCmavwLqer.jpg,2022_12_7_3_A,641,57,train
train/266,train,2022_12_7_1_B-creport_319_jpg.rf.pod6Z4h0ESq3dXVT27HB.jpg,2022_12_7_1_B,319,69,train
train/267,train,2022_12_7_2_B-creport_567_jpg.rf.q8mPNLUxWUqBDDAoZkXL.jpg,2022_12_7_2_B,567,41,test
train/268,train,2022_12_7_2_B-creport_495_jpg.rf.pJRNYahvyXTbc20ilzD0.jpg,2022_12_7_2_B,495,56,train
train/269,train,2022_12_7_2_A-creport_447_jpg.rf.qbeTFkqXjXvFWb4ONOxi.jpg,2022_12_7_2_A,447,44,train
train/270,train,2022_12_7_1_B-creport_255_jpg.rf.rpUi0pk5GZa4pZfu2NP3.jpg,2022_12_7_1_B,255,70,train
train/271,train,2022_12_7_2_A-creport_449_jpg.rf.S2wglBGGA2Y23cImiXMh.jpg,2022_12_7_2_A,449,32,test
train/272,train,2022_12_7_3_A-creport_609_jpg.rf.qndh8NiUb7S5riRlyqJ9.jpg,2022_12_7_3_A,609,50,train
train/273,train,2022_12_7_3_A-creport_623_jpg.rf.qh3Yto97tw2cXjNNnf4M.jpg,2022_12_7_3_A,623,58,train
train/274,train,2022_12_7_2_B-creport_563_jpg.rf.robGhRgSowEOL5uw55Jn.jpg,2022_12_7_2_B,563,30,train
train/275,train,2022_12_7_2_B-creport_576_jpg.rf.TLuXpktYqW803mOphH9a.jpg,2022_12_7_2_B,576,34,train
train/276,train,2022_12_7_3_A-creport_704_jpg.rf.rxa0197DGxJ9nNwXSNxP.jpg,2022_12_7_3_A,704,66,train
train/277,train,2022_12_7_1_A-creport_169_jpg.rf.TQQrs1MSFT1SwjPLQ5O6.jpg,2022_12_7_1_A,169,52,train
train/278,train,2022_12_7_3_A-creport_676_jpg.rf.puGHQr30uAOvYZAZqfWb.jpg,2022_12_7_3_A,676,61,train
train/279,train,2022_12_7_1_A-creport_145_jpg.rf.qBaoSndTJsR8zqywiQ3P.jpg,2022_12_7_1_A,145,58,valid
train/280,train,2022_12_7_3_A-creport_667_jpg.rf.EQXHTFbWfTQXVa42vzjU.jpg,2022_12_7_3_A,667,46,train
train/281,train,2022_12_7_1_B-creport_245_jpg.rf.EbTvYxSb9MakLnPAgl9i.jpg,2022_12_7_1_B,245,75,train
train/282,train,2022_12_7_1_B-creport_301_jpg.rf.sAQj7Mtrg3xwukffQnBz.jpg,2022_12_7_1_B,301,79,train
train/283,train,2022_12_7_1_A-creport_130_jpg.rf.FHw12iebkFN5kfhnUKtn.jpg,2022_12_7_1_A,130,48,train
train/284,train,2022_12_7_2_B-creport_503_jpg.rf.PyKSaySVchnEe0TrtzyZ.jpg,2022_12_7_2_B,503,52,valid
train/285,train,2022_12_7_2_B-creport_493_jpg.rf.SOiRSG3QNsNjk7tZUetw.jpg,2022_12_7_2_B,493,59,test
train/286,train,2022_12_7_1_A-creport_159_jpg.rf.FbmI4RqjaDba19RuTNOy.jpg,2022_12_7_1_A,159,55,valid
train/287,train,2022_12_7_3_A-creport_617_jpg.rf.qp1I8E5dcoIsAmcKEq2W.jpg,2022_12_7_3_A,617,69,train
train/288,train,2022_12_7_1_A-creport_148_jpg.rf.r26ARU48N5opTlWfrESC.jpg,2022_12_7_1_A,148,54,train
train/289,train,2022_12_7_2_A-creport_372_jpg.rf.SYmLdli7PF14XdrTzvq9.jpg,2022_12_7_2_A,372,42,train
train/290,train,2022_12_7_1_A-creport_189_jpg.rf.s4oRm5SofRSayyMPjmUI.jpg,2022_12_7_1_A,189,59,valid
train/291,train,2022_12_7_2_B-creport_559_jpg.rf.FrL9F0zw0N3SfEoS1vKL.jpg,2022_12_7_2_B,559,53,train
train/292,train,2022_12_7_2_B-creport_486_jpg.rf.sSL3qr3KWm3eZFNRI6E5.jpg,2022_12_7_2_B,486,58,train
train/293,train,2022_12_7_3_A-creport_713_jpg.rf.ruJ4vreu9XWw2UQodOad.jpg,2022_12_7_3_A,713,69,train
train/294,train,2022_12_7_1_B-creport_320_jpg.rf.F9FU9pGhD2wFJ6hOpYBo.jpg,2022_12_7_1_B,320,67,train
train/295,train,2022_12_7_2_A-creport_423_jpg.rf.GBSQP9KgOJ1F7pZdHnxY.jpg,2022_12_7_2_A,423,36,train
train/296,train,2022_12_7_3_A-creport_649_jpg.rf.FX4NLjB2wja74HcGQC4o.jpg,2022_12_7_3_A,649,71,train
train/297,train,2022_12_7_1_A-creport_203_jpg.rf.FD2nZCKfZY2gzGJWhbTz.jpg,2022_12_7_1_A,203,41,test
train/298,train,2022_12_7_2_A-creport_466_jpg.rf.FyAZN3WVfXF29Nupzz6P.jpg,2022_12_7_2_A,466,40,train
train/299,train,2022_12_7_1_B-creport_272_jpg.rf.sWgh9mT6Nmp80DafRIKT.jpg,2022_12_7_1_B,272,83,train
train/300,train,2022_12_7_2_B-creport_491_jpg.rf.sJhY38PwDH17uQZeuMLP.jpg,2022_12_7_2_B,491,36,train
train/301,train,2022_12_7_2_B-creport_529_jpg.rf.FqNu8qxurpfvS3Rup0HW.jpg,2022_12_7_2_B,529,36,train
train/302,train,2022_12_7_1_A-creport_143_jpg.rf.GaeoZoSmGKjjAHuIKze9.jpg,2022_12_7_1_A,143,50,test
train/303,train,2022_12_7_2_B-creport_485_jpg.rf.G0ErW9eW4gZ9svES3J1V.jpg,2022_12_7_2_B,485,59,train
train/304,train,2022_12_7_2_A-creport_381_jpg.rf.szYOzGUKh8PaIR3lzQrw.jpg,2022_12_7_2_A,381,33,test
train/305,train,2022_12_7_2_A-creport_394_jpg.rf.t2AyzdFC8VVU72Ou6GDL.jpg,2022_12_7_2_A,394,44,train
train/306,train,2022_12_7_1_A-creport_220_jpg.rf.siTBdWxYftxkfmdsLyyr.jpg,2022_12_7_1_A,220,69,train
train/307,train,2022_12_7_2_A-creport_467_jpg.rf.GFxmyuE0Djp7RmZQ2h2y.jpg,2022_12_7_2_A,467,39,train
train/308,train,2022_12_7_1_A-creport_200_jpg.rf.v5WlyKniDyQ3ito5z5pk.jpg,2022_12_7_1_A,200,47,train
train/309,train,2022_12_7_1_B-creport_327_jpg.rf.GfP5sovpaqMT3PjDlGe0.jpg,2022_12_7_1_B,327,75,test
train/310,train,2022_12_7_3_A-creport_640_jpg.rf.tOBK7p9FlwOgqVb3uzxW.jpg,2022_12_7_3_A,640,75,valid
train/311,train,2022_12_7_1_B-creport_326_jpg.rf.vk4nvfQhtcuoJx4UZ13u.jpg,2022_12_7_1_B,326,68,train
train/312,train,2022_12_7_1_A-creport_191_jpg.rf.ryWLRa29JY4Y16hVYdy9.jpg,2022_12_7_1_A,191,53,train
train/313,train,2022_12_7_3_A-creport_645_jpg.rf.GhDE8TjrhBzWACfEKYYC.jpg,2022_12_7_3_A,645,55,test
train/314,train,2022_12_7_2_A-creport_440_jpg.rf.vt46SOJ2q7PnHneElGOm.jpg,2022_12_7_2_A,440,35,test
train/315,train,2022_12_7_1_A-creport_190_jpg.rf.FrUqgKjlOfuvw0kgm2dl.jpg,2022_12_7_1_A,190,53,valid
train/316,train,2022_12_7_2_B-creport_547_jpg.rf.tjosJAu7IBZ61hdYJWHW.jpg,2022_12_7_2_B,547,46,train
train/317,train,2022_12_7_1_B-creport_298_jpg.rf.tBA2zkqClKaPMY1v7tiz.jpg,2022_12_7_1_B,298,78,valid
train/318,train,2022_12_7_3_A-creport_666_jpg.rf.tYDRBdX85OnXUJz0tSww.jpg,2022_12_7_3_A,666,76,train
train/319,train,2022_12_7_2_B-creport_545_jpg.rf.07O0PGW6rQDGSk3YbNQw.jpg,2022_12_7_2_B,545,52,train
train/320,train,2022_12_7_1_B-creport_317_jpg.rf.u8z6G0ilZmRMg6EggJkB.jpg,2022_12_7_1_B,317,72,test
train/321,train,2022_12_7_2_A-creport_469_jpg.rf.wTYSvA0NKGxBeziUHaJP.jpg,2022_12_7_2_A,469,29,train
train/322,train,2022_12_7_2_A-creport_393_jpg.rf.wczXXSJbLcV16DPHIEP4.jpg,2022_12_7_2_A,393,43,test
train/323,train,2022_12_7_2_B-creport_496_jpg.rf.wMvlh6dSAfrthQMrl15C.jpg,2022_12_7_2_B,496,54,train
train/324,train,2022_12_7_2_A-creport_396_jpg.rf.xBpnFUXTnmlIUzZU7SxX.jpg,2022_12_7_2_A,396,36,train
train/325,train,2022_12_7_2_A-creport_383_jpg.rf.wO9QNMvDdblCqzC3IjoF.jpg,2022_12_7_2_A,383,32,train
train/326,train,2022_12_7_2_A-creport_388_jpg.rf.0JcuVHd0cVhyg0vXIO78.jpg,2022_12_7_2_A,388,47,test
train/327,train,2022_12_7_2_A-creport_366_jpg.rf.vbqEh2NoZoa6VBghWy3J.jpg,2022_12_7_2_A,366,47,train
train/328,train,2022_12_7_1_B-creport_288_jpg.rf.u8aUqyuDBlkwXB6S5UXO.jpg,2022_12_7_1_B,288,77,train
train/329,train,2022_12_7_2_B-creport_489_jpg.rf.vf04y8tL7HfEC63eEJbR.jpg,2022_12_7_2_B,489,45,train
train/330,train,2022_12_7_1_B-creport_270_jpg.rf.1tF2tBeOSFveIoC4HruO.jpg,2022_12_7_1_B,270,74,valid
train/331,train,2022_12_7_3_A-creport_674_jpg.rf.2QPj0peLexDcSgxGaCVk.jpg,2022_12_7_3_A,674,68,train
train/332,train,2022_12_7_3_A-creport_677_jpg.rf.1yRysBzOZETh6P6gAz1t.jpg,2022_12_7_3_A,677,68,train
train/333,train,2022_12_7_1_B-creport_310_jpg.rf.2mjYCAK1hyxL16GcMdMQ.jpg,2022_12_7_1_B,310,68,train
train/334,train,2022_12_7_3_A-creport_680_jpg.rf.1RAH4cRxd4Z3lBOUy5eo.jpg,2022_12_7_3_A,680,65,valid
train/335,train,2022_12_7_1_B-creport_260_jpg.rf.u3KsnR58rbRrE0raD49c.jpg,2022_12_7_1_B,260,82,train
train/336,train,2022_12_7_2_A-creport_458_jpg.rf.xFAuoDbMMmAil82CZUcO.jpg,2022_12_7_2_A,458,49,train
train/337,train,2022_12_7_1_A-creport_199_jpg.rf.0rXAcsk2YszZFNU30c69.jpg,2022_12_7_1_A,199,43,valid
train/338,train,2022_12_7_2_B-creport_501_jpg.rf.xWcWKFRC1c0cUPdPZeFL.jpg,2022_12_7_2_B,501,34,train
train/339,train,2022_12_7_3_A-creport_633_jpg.rf.w7Az1xxVYQGLTT7hw54w.jpg,2022_12_7_3_A,633,51,train
train/340,train,2022_12_7_3_A-creport_612_jpg.rf.0sgq5iM1gR9UV7LVYBon.jpg,2022_12_7_3_A,612,47,train
train/341,train,2022_12_7_2_A-creport_436_jpg.rf.226RyTcYhSkiyLhu0dde.jpg,2022_12_7_2_A,436,36,test
train/342,train,2022_12_7_2_B-creport_531_jpg.rf.2YTMf0msYblUIU2FS3mC.jpg,2022_12_7_2_B,531,53,train
train/343,train,2022_12_7_1_B-creport_275_jpg.rf.2xPJFrghOwSGf7bN3XKP.jpg,2022_12_7_1_B,275,60,train
train/344,train,2022_12_7_2_B-creport_499_jpg.rf.1ly8W75c7CP52fdOy7lR.jpg,2022_12_7_2_B,499,52,valid
train/345,train,2022_12_7_2_B-creport_586_jpg.rf.2ilVOmIjhvZfi60i7lIp.jpg,2022_12_7_2_B,586,40,valid
train/346,train,2022_12_7_1_A-creport_201_jpg.rf.0jinWW9G3qzpbuFFA4Ri.jpg,2022_12_7_1_A,201,55,test
train/347,train,2022_12_7_1_A-creport_196_jpg.rf.0obQBqUuUBUcbUHXWZVn.jpg,2022_12_7_1_A,196,50,train
train/348,train,2022_12_7_1_B-creport_243_jpg.rf.2W0LX5FPcGffS9zrPIu7.jpg,2022_12_7_1_B,243,76,train
train/349,train,2022_12_7_2_A-creport_400_jpg.rf.0T3NXNvi8auIywi003Bq.jpg,2022_12_7_2_A,400,41,train
valid/0,valid,2022_12_7_1_B-creport_344_jpg.rf.ApGr0MvZFNobmjoUrruL.jpg,2022_12_7_1_B,344,65,valid
valid/1,valid,2022_12_7_2_A-creport_429_jpg.rf.DzaheI9dCB2Nb3Vxgsyb.jpg,2022_12_7_2_A,429,35,train
valid/2,valid,2022_12_7_1_A-creport_149_jpg.rf.xZvUkza9uhcogQoPzlyI.jpg,2022_12_7_1_A,149,67,valid
valid/3,valid,2022_12_7_2_A-creport_416_jpg.rf.BIgknWr6jsy7k05Pp39a.jpg,2022_12_7_2_A,416,33,train
valid/4,valid,2022_12_7_2_B-creport_543_jpg.rf.DcubAivNc8f0ggIybQHG.jpg,2022_12_7_2_B,543,36,train
valid/5,valid,2022_12_7_2_A-creport_375_jpg.rf.zzZMOm05gQNUKqnK2YIF.jpg,2022_12_7_2_A,375,34,train
valid/6,valid,2022_12_7_1_B-creport_297_jpg.rf.B0SOQ55ZHwqn6jcTpQpk.jpg,2022_12_7_1_B,297,63,valid
valid/7,valid,2022_12_7_1_A-creport_140_jpg.rf.9CXnAMerkc0PwNIyTu1X.jpg,2022_12_7_1_A,140,56,test
valid/8,valid,2022_12_7_2_A-creport_443_jpg.rf.93KgKag2BNNbtvu5wUTa.jpg,2022_12_7_2_A,443,45,train
valid/9,valid,2022_12_7_2_A-creport_427_jpg.rf.D1Wzb9c2l6umIJulImMx.jpg,2022_12_7_2_A,427,26,train
valid/10,valid,2022_12_7_2_A-creport_399_jpg.rf.y9jGdsZHndwJHr7Vj4Bp.jpg,2022_12_7_2_A,399,50,train
valid/11,valid,2022_12_7_1_B-creport_269_jpg.rf.DJt104oMWiHjEkF1UOcT.jpg,2022_12_7_1_B,269,73,train
valid/12,valid,2022_12_7_1_A-creport_192_jpg.rf.yovPcSCQIcUv18jAjJ4g.jpg,2022_12_7_1_A,192,61,train
valid/13,valid,2022_12_7_2_A-creport_368_jpg.rf.ATTlLoz7gpResSO270kF.jpg,2022_12_7_2_A,368,41,train
valid/14,valid,2022_12_7_1_A-creport_162_jpg.rf.iwVbDRySC6LEhcsC4Wji.jpg,2022_12_7_1_A,162,54,test
valid/15,valid,2022_12_7_1_B-creport_339_jpg.rf.D8Q2aHjEardww8j3rZSK.jpg,2022_12_7_1_B,339,56,train
valid/16,valid,2022_12_7_1_A-creport_135_jpg.rf.zmcaVF4z1aSvOsVrW72r.jpg,2022_12_7_1_A,135,60,train
valid/17,valid,2022_12_7_3_A-creport_678_jpg.rf.7BPfMgXc6J1dK8TD7izM.jpg,2022_12_7_3_A,678,51,train
valid/18,valid,2022_12_7_2_A-creport_448_jpg.rf.7HNKfjHnck1LO2GG8K1y.jpg,2022_12_7_2_A,448,46,train
valid/19,valid,2022_12_7_2_A-creport_402_jpg.rf.9wKiGUFgoE4mrQXKWzFG.jpg,2022_12_7_2_A,402,31,train
valid/20,valid,2022_12_7_3_A-creport_625_jpg.rf.yqqHOJslRkk4b5P2eBdC.jpg,2022_12_7_3_A,625,58,train
valid/21,valid,2022_12_7_3_A-creport_669_jpg.rf.NfRaQTOh9fnfGBruOVu7.jpg,2022_12_7_3_A,669,65,train
valid/22,valid,2022_12_7_1_A-creport_137_jpg.rf.jMKaLO58pOoTU3o7zaCB.jpg,2022_12_7_1_A,137,57,valid
valid/23,valid,2022_12_7_1_A-creport_225_jpg.rf.NNZJF10H4IHB2w6Xt1sq.jpg,2022_12_7_1_A,225,68,train
valid/24,valid,2022_12_7_2_B-creport_569_jpg.rf.j80BbmscMFe6GHxIHUoM.jpg,2022_12_7_2_B,569,45,train
valid/25,valid,2022_12_7_2_A-creport_468_jpg.rf.pI3TdMkqffgmziHZU08v.jpg,2022_12_7_2_A,468,43,train
valid/26,valid,2022_12_7_3_A-creport_687_jpg.rf.rjV6pMeDA9pArSaurClg.jpg,2022_12_7_3_A,687,67,train
valid/27,valid,2022_12_7_1_A-creport_136_jpg.rf.AIxhtEIwwk6fxyg1MQG2.jpg,2022_12_7_1_A,136,57,train
valid/28,valid,2022_12_7_3_A-creport_652_jpg.rf.r2o3uQm2RCrGWqQthGKW.jpg,2022_12_7_3_A,652,55,train
valid/29,valid,2022_12_7_2_B-creport_528_jpg.rf.ErgBesoABWdcTf7okBd7.jpg,2022_12_7_2_B,528,40,train
valid/30,valid,2022_12_7_1_B-creport_300_jpg.rf.TOFCKzdUUTBYE5uPZl2Q.jpg,2022_12_7_1_B,300,65,train
valid/31,valid,2022_12_7_1_A-creport_216_jpg.rf.EPGTzk4xlyU2G7ovclBx.jpg,2022_12_7_1_A,216,59,train
valid/32,valid,2022_12_7_1_A-creport_198_jpg.rf.N8Wcra64PvVkHGpCzTaB.jpg,2022_12_7_1_A,198,44,train
valid/33,valid,2022_12_7_1_B-creport_244_jpg.rf.QvzGwMKRbz3YudYe9QPK.jpg,2022_12_7_1_B,244,84,valid
valid/34,valid,2022_12_7_3_A-creport_619_jpg.rf.iyiZ85BKGvJ9XB0m3Hg8.jpg,2022_12_7_3_A,619,50,valid
valid/35,valid,2022_12_7_2_B-creport_542_jpg.rf.Fxbu2TwxnvY7h7U0e61J.jpg,2022_12_7_2_B,542,48,train
valid/36,valid,2022_12_7_1_A-creport_185_jpg.rf.pWrtcNE0gr4BTKkwlpL2.jpg,2022_12_7_1_A,185,51,valid
valid/37,valid,2022_12_7_2_A-creport_398_jpg.rf.RuSKj565OOlpTnJCVZk9.jpg,2022_12_7_2_A,398,40,train
valid/38,valid,2022_12_7_3_A-creport_663_jpg.rf.jLsauupi5QvlfkKn0UGZ.jpg,2022_12_7_3_A,663,64,train
valid/39,valid,2022_12_7_1_A-creport_147_jpg.rf.G7nB17ZgssxJJY8I6mda.jpg,2022_12_7_1_A,147,62,train
valid/40,valid,2022_12_7_2_A-creport_460_jpg.rf.FDQPzr51e1cLSJFGNsmf.jpg,2022_12_7_2_A,460,29,train
valid/41,valid,2022_12_7_2_B-creport_585_jpg.rf.kN7ocg2RDGZnCaaeTyov.jpg,2022_12_7_2_B,585,36,train
valid/42,valid,2022_12_7_1_A-creport_125_jpg.rf.uV0YkOFtzdhZBPfvtLWa.jpg,2022_12_7_1_A,125,57,train
valid/43,valid,2022_12_7_2_A-creport_363_jpg.rf.tASoymvsOqr7D9pTis9i.jpg,2022_12_7_2_A,363,31,train
valid/44,valid,2022_12_7_1_A-creport_179_jpg.rf.Fmx8zEObfOY7SzfkMWxm.jpg,2022_12_7_1_A,179,57,train
valid/45,valid,2022_12_7_3_A-creport_709_jpg.rf.MjVfiN6Z0gM1TBL8svNH.jpg,2022_12_7_3_A,709,69,train
valid/46,valid,2022_12_7_3_A-creport_671_jpg.rf.0AStE40x1FglBF9QUpEE.jpg,2022_12_7_3_A,671,66,train
valid/47,valid,2022_12_7_3_A-creport_690_jpg.rf.1dLoFAxjT0QTh2fxhVTL.jpg,2022_12_7_3_A,690,69,test
valid/48,valid,2022_12_7_2_A-creport_390_jpg.rf.0uxHaJQWwbUN1JvgBoqJ.jpg,2022_12_7_2_A,390,43,valid
valid/49,valid,2022_12_7_1_A-creport_209_jpg.rf.pyf1f7TxFhWtbUg0m7zR.jpg,2022_12_7_1_A,209,56,train
valid/50,valid,2022_12_7_1_B-creport_256_jpg.rf.vTEB3pK1PG5WIHshqUye.jpg,2022_12_7_1_B,256,66,train
valid/51,valid,2022_12_7_3_A-creport_693_jpg.rf.0HJwvLN9CK1qhqxo4HCD.jpg,2022_12_7_3_A,693,54,train
valid/52,valid,2022_12_7_3_A-creport_710_jpg.rf.FWl5ccuOnAqM3yhroQDX.jpg,2022_12_7_3_A,710,61,valid
valid/53,valid,2022_12_7_1_B-creport_350_jpg.rf.HmUVGPWrhFqsppJmdBUw.jpg,2022_12_7_1_B,350,70,train
valid/54,valid,2022_12_7_3_A-creport_631_jpg.rf.HGdbQCp0KnqmsAHrkxA5.jpg,2022_12_7_3_A,631,67,train
valid/55,valid,2022_12_7_1_B-creport_332_jpg.rf.IyiKX9HIYHPPtspnZ6rC.jpg,2022_12_7_1_B,332,77,train
valid/56,valid,2022_12_7_3_A-creport_689_jpg.rf.iQgFKPBbIEpTxrrSJv7d.jpg,2022_12_7_3_A,689,62,train
valid/57,valid,2022_12_7_3_A-creport_629_jpg.rf.tcgmQHDM0aKnUK0wH6x3.jpg,2022_12_7_3_A,629,62,train
valid/58,valid,2022_12_7_2_A-creport_430_jpg.rf.3VJNiR7BSrrXMmIpvEFC.jpg,2022_12_7_2_A,430,43,train
valid/59,valid,2022_12_7_1_A-creport_150_jpg.rf.UioU4bulYFoIdsxwGWsC.jpg,2022_12_7_1_A,150,54,train
valid/60,valid,2022_12_7_2_A-creport_370_jpg.rf.J3Pod8VBm69KM4IAyHDl.jpg,2022_12_7_2_A,370,37,train
valid/61,valid,2022_12_7_3_A-creport_620_jpg.rf.0yTKshGg9k785ZziQ5f6.jpg,2022_12_7_3_A,620,55,train
valid/62,valid,2022_12_7_1_B-creport_299_jpg.rf.pezpeHtcWz6uyq9oVa03.jpg,2022_12_7_1_B,299,63,train
valid/63,valid,2022_12_7_2_B-creport_550_jpg.rf.KdZ0uL5atRlzePfyI8GG.jpg,2022_12_7_2_B,550,34,train
valid/64,valid,2022_12_7_3_A-creport_644_jpg.rf.BuRawUTV7opmvPuDAQTD.jpg,2022_12_7_3_A,644,69,train
valid/65,valid,2022_12_7_2_B-creport_579_jpg.rf.0pLVH54fx3Yfn8sUJf96.jpg,2022_12_7_2_B,579,58,test
valid/66,valid,2022_12_7_2_A-creport_434_jpg.rf.Kwg6PpqW1PSfE2CKYs4d.jpg,2022_12_7_2_A,434,36,train
valid/67,valid,2022_12_7_1_B-creport_247_jpg.rf.HXknnvIg7uEzZ3uqWdHu.jpg,2022_12_7_1_B,247,58,test
valid/68,valid,2022_12_7_1_B-creport_313_jpg.rf.2wz1QWZYjd8ERHIlgy4R.jpg,2022_12_7_1_B,313,69,train
valid/69,valid,2022_12_7_2_B-creport_519_jpg.rf.eNNQ5fcflBiCZIF5VeMq.jpg,2022_12_7_2_B,519,42,train
valid/70,valid,2022_12_7_3_A-creport_675_jpg.rf.VMZdxbqA7hQcyTlTff39.jpg,2022_12_7_3_A,675,54,train
valid/71,valid,2022_12_7_1_B-creport_262_jpg.rf.mmQ5JbidGXIbPQxDYmTB.jpg,2022_12_7_1_B,262,64,train
valid/72,valid,2022_12_7_1_B-creport_268_jpg.rf.UC8bOApbqykXfokcuaHK.jpg,2022_12_7_1_B,268,57,train
valid/73,valid,2022_12_7_1_B-creport_347_jpg.rf.gtxUV0lR0HMNgIiP4LYH.jpg,2022_12_7_1_B,347,61,train
valid/74,valid,2022_12_7_2_A-creport_413_jpg.rf.WcPrZfJPpwldBEvIychq.jpg,2022_12_7_2_A,413,31,test
valid/75,valid,2022_12_7_3_A-creport_699_jpg.rf.WCWtEMOTvCgEPlYPPvx1.jpg,2022_12_7_3_A,699,66,valid
valid/76,valid,2022_12_7_1_A-creport_126_jpg.rf.HDGuZLp7f6KHOD5Sr00O.jpg,2022_12_7_1_A,126,53,train
valid/77,valid,2022_12_7_1_A-creport_227_jpg.rf.orRRxG0hZ53x4FlpwBMs.jpg,2022_12_7_1_A,227,59,train
valid/78,valid,2022_12_7_1_A-creport_180_jpg.rf.VPRUTDGLYEyKi9XWx1yI.jpg,2022_12_7_1_A,180,61,train
valid/79,valid,2022_12_7_2_B-creport_553_jpg.rf.mNX10ebkQ1fJmFecoQsk.jpg,2022_12_7_2_B,553,42,train
valid/80,valid,2022_12_7_2_B-creport_544_jpg.rf.p95cTOsq4IUF8fmosZqR.jpg,2022_12_7_2_B,544,35,test
valid/81,valid,2022_12_7_3_A-creport_638_jpg.rf.YQZBgVB3mE1Kn3cxK8Jd.jpg,2022_12_7_3_A,638,74,train
valid/82,valid,2022_12_7_3_A-creport_608_jpg.rf.XnkNi4XhOUu4ugH849ki.jpg,2022_12_7_3_A,608,48,valid
valid/83,valid,2022_12_7_1_B-creport_312_jpg.rf.dxk0vyYMTRUts5LCYF05.jpg,2022_12_7_1_B,312,66,test
valid/84,valid,2022_12_7_2_B-creport_590_jpg.rf.gTgrUMm8BPtB80OpsHlb.jpg,2022_12_7_2_B,590,44,valid
valid/85,valid,2022_12_7_3_A-creport_651_jpg.rf.nK5KgX2qnDMToW1Jzfnp.jpg,2022_12_7_3_A,651,68,test
valid/86,valid,2022_12_7_2_A-creport_378_jpg.rf.WacqKha28h3o7dckBi4i.jpg,2022_12_7_2_A,378,40,valid
valid/87,valid,2022_12_7_2_A-creport_405_jpg.rf.g3gaEMgrzreaKeLTaDf2.jpg,2022_12_7_2_A,405,42,train
valid/88,valid,2022_12_7_1_B-creport_248_jpg.rf.nUcynm81i8HKhGpC8qwO.jpg,2022_12_7_1_B,248,73,valid
valid/89,valid,2022_12_7_1_A-creport_226_jpg.rf.Z2YoBYpG99ndk7rEsO6y.jpg,2022_12_7_1_A,226,52,train
valid/90,valid,2022_12_7_1_B-creport_294_jpg.rf.ZE2ZqO1nxva1dHWBaoie.jpg,2022_12_7_1_B,294,81,train
valid/91,valid,2022_12_7_2_B-creport_510_jpg.rf.6QLWvjHi30UsPDLNhVVY.jpg,2022_12_7_2_B,510,40,train
valid/92,valid,2022_12_7_2_B-creport_541_jpg.rf.YevhvrgOl4VBJZQjZU1o.jpg,2022_12_7_2_B,541,42,train
valid/93,valid,2022_12_7_2_A-creport_379_jpg.rf.6i8haFd7vPc0Wci7QrvI.jpg,2022_12_7_2_A,379,43,train
valid/94,valid,2022_12_7_1_A-creport_182_jpg.rf.bJZsAYNAnqwz3QSXESii.jpg,2022_12_7_1_A,182,65,train
valid/95,valid,2022_12_7_1_B-creport_331_jpg.rf.Ygx2pTCpUruLgrc3MAsU.jpg,2022_12_7_1_B,331,58,train
valid/96,valid,2022_12_7_2_B-creport_580_jpg.rf.bXU64pDTPjiwj6Mpmhxx.jpg,2022_12_7_2_B,580,35,train
valid/97,valid,2022_12_7_3_A-creport_661_jpg.rf.nk1H4gybuIt26JvGMYZq.jpg,2022_12_7_3_A,661,69,train
valid/98,valid,2022_12_7_3_A-creport_712_jpg.rf.cNvqWnuoVVKfFrvRwLE5.jpg,2022_12_7_3_A,712,52,train
valid/99,valid,2022_12_7_2_A-creport_365_jpg.rf.Z2KpTJsrUUyyP68zXkcA.jpg,2022_12_7_2_A,365,42,train
test/0,test,2022_12_7_2_B-creport_508_jpg.rf.Aw8JaMaFVweyKlns09fv.jpg,2022_12_7_2_B,508,58,train
test/1,test,2022_12_7_3_A-creport_639_jpg.rf.D4WfdTPgsZz0pTlYO9a7.jpg,2022_12_7_3_A,639,65,train
test/2,test,2022_12_7_3_A-creport_627_jpg.rf.8IxhsMstTMxVPzIfy009.jpg,2022_12_7_3_A,627,77,train
test/3,test,2022_12_7_2_A-creport_431_jpg.rf.ipuh2NxdGpmeWJuUikjF.jpg,2022_12_7_2_A,431,33,train
test/4,test,2022_12_7_2_A-creport_408_jpg.rf.0gQKjmbduMoyVZXrPr8F.jpg,2022_12_7_2_A,408,30,test
test/5,test,2022_12_7_2_B-creport_506_jpg.rf.74CJVoNKceXB2yppWIKu.jpg,2022_12_7_2_B,506,42,test
test/6,test,2022_12_7_3_A-creport_650_jpg.rf.31LLs9GqqjclZxzR61xW.jpg,2022_12_7_3_A,650,60,train
test/7,test,2022_12_7_1_B-creport_246_jpg.rf.HdPpVady5jfpkRnY3dW3.jpg,2022_12_7_1_B,246,58,valid
test/8,test,2022_12_7_3_A-creport_656_jpg.rf.jf09YP1kDvPipYqVmkrB.jpg,2022_12_7_3_A,656,62,train
test/9,test,2022_12_7_1_B-creport_287_jpg.rf.kokJc7sq1hqAvNGZzBhA.jpg,2022_12_7_1_B,287,76,train
test/10,test,2022_12_7_2_B-creport_566_jpg.rf.LktCzEVxZGYPI1VyNZa5.jpg,2022_12_7_2_B,566,43,train
test/11,test,2022_12_7_3_A-creport_665_jpg.rf.HeQN9iphx5lvUVVs0i2P.jpg,2022_12_7_3_A,665,65,train
test/12,test,2022_12_7_1_B-creport_325_jpg.rf.GlwvpVRcbkG2pkfYsSOR.jpg,2022_12_7_1_B,325,70,valid
test/13,test,2022_12_7_1_B-creport_335_jpg.rf.lY7pXk09QII3NZmeQZDd.jpg,2022_12_7_1_B,335,68,train
test/14,test,2022_12_7_1_A-creport_194_jpg.rf.PTmKRtWOb9qrt6ADBhbu.jpg,2022_12_7_1_A,194,57,train
test/15,test,2022_12_7_1_B-creport_292_jpg.rf.U6CYfA9wvUCco726DZCR.jpg,2022_12_7_1_B,292,88,train
test/16,test,2022_12_7_1_A-creport_210_jpg.rf.U2ZriUpjjFPo6QZxAWjc.jpg,2022_12_7_1_A,210,49,test
test/17,test,2022_12_7_2_B-creport_570_jpg.rf.IV4Eiu3adD4nG65YNoEM.jpg,2022_12_7_2_B,570,43,train
test/18,test,2022_12_7_1_A-creport_215_jpg.rf.I9RNix5HYxdTmPIb7Yk1.jpg,2022_12_7_1_A,215,49,valid
test/19,test,2022_12_7_2_B-creport_539_jpg.rf.DMEJg1ynCMGHX3MD7M86.jpg,2022_12_7_2_B,539,38,train
test/20,test,2022_12_7_3_A-creport_628_jpg.rf.gcH34dIHZMQZziqc3XcD.jpg,2022_12_7_3_A,628,71,valid
test/21,test,2022_12_7_1_A-creport_166_jpg.rf.g8SFgcgdzen3AtW6roMX.jpg,2022_12_7_1_A,166,31,train
test/22,test,2022_12_7_1_A-creport_176_jpg.rf.hh1TdvCONcfCdlgmBbou.jpg,2022_12_7_1_A,176,64,train
test/23,test,2022_12_7_2_A-creport_377_jpg.rf.ObP1fVMYllNJSmWnj3aM.jpg,2022_12_7_2_A,377,29,valid
test/24,test,2022_12_7_3_A-creport_685_jpg.rf.nqlKnLoQQKN9EnLHmupx.jpg,2022_12_7_3_A,685,58,test
test/25,test,2022_12_7_1_A-creport_211_jpg.rf.rxCdBYgw8475WNID1FLs.jpg,2022_12_7_1_A,211,43,train
test/26,test,2022_12_7_3_A-creport_658_jpg.rf.UU7lbdQJ1ita2qjkZ1ye.jpg,2022_12_7_3_A,658,54,test
test/27,test,2022_12_7_2_A-creport_410_jpg.rf.RR8dRYcj4eqcyTNYl4M7.jpg,2022_12_7_2_A,410,41,train
test/28,test,2022_12_7_2_B-creport_552_jpg.rf.WCiYqo5ksOjZPuNVEYQc.jpg,2022_12_7_2_B,552,32,test
test/29,test,2022_12_7_2_B-creport_524_jpg.rf.q7oV7XPo6NhPYOrUTPCf.jpg,2022_12_7_2_B,524,51,train
test/30,test,2022_12_7_2_B-creport_534_jpg.rf.FJxjxRfwMZJwHFjDOV4H.jpg,2022_12_7_2_B,534,48,train
test/31,test,2022_12_7_3_A-creport_672_jpg.rf.oy7mRcE97NKwQo9k5XdF.jpg,2022_12_7_3_A,672,72,valid
test/32,test,2022_12_7_1_A-creport_160_jpg.rf.6IXMqXXu8FX9EHE37IcF.jpg,2022_12_7_1_A,160,57,train
test/33,test,2022_12_7_1_A-creport_228_jpg.rf.6lViB78Z2w2m6kAQzk2e.jpg,2022_12_7_1_A,228,54,train
test/34,test,2022_12_7_2_B-creport_525_jpg.rf.Y5OkiGxJy19q9La5y1L6.jpg,2022_12_7_2_B,525,55,train
test/35,test,2022_12_7_2_B-creport_554_jpg.rf.Gcj9EYudhaGakWrNpeun.jpg,2022_12_7_2_B,554,42,train
test/36,test,2022_12_7_1_A-creport_127_jpg.rf.pCYDDrOUbYSK6duS0xFR.jpg,2022_12_7_1_A,127,57,train
test/37,test,2022_12_7_3_A-creport_618_jpg.rf.mZRPO6UlnS2xIGwipyO6.jpg,2022_12_7_3_A,618,67,train
test/38,test,2022_12_7_2_B-creport_515_jpg.rf.xXhXO4hflZbQ8DHF25AD.jpg,2022_12_7_2_B,515,48,train
test/39,test,2022_12_7_1_B-creport_328_jpg.rf.rE6fMZw5KIueMtcSclCy.jpg,2022_12_7_1_B,328,74,train
test/40,test,2022_12_7_2_B-creport_514_jpg.rf.EWOL05sKP2LDGQY3TwUL.jpg,2022_12_7_2_B,514,44,valid
test/41,test,2022_12_7_1_A-creport_170_jpg.rf.EYmzVSvYS5HSwMRjf77I.jpg,2022_12_7_1_A,170,64,valid
test/42,test,2022_12_7_1_B-creport_282_jpg.rf.bVrAA9AMR4Bj9lWhUrBe.jpg,2022_12_7_1_B,282,80,train
test/43,test,2022_12_7_3_A-creport_655_jpg.rf.bbJigNs4VwYSsBPprEW2.jpg,2022_12_7_3_A,655,56,test
test/44,test,2022_12_7_1_A-creport_152_jpg.rf.xKwr3Ks9zsoGpWwBNXgj.jpg,2022_12_7_1_A,152,60,train
test/45,test,2022_12_7_2_A-creport_437_jpg.rf.5QbRAiwb3VONo1Gejjwb.jpg,2022_12_7_2_A,437,38,train
test/46,test,2022_12_7_3_A-creport_624_jpg.rf.GOZfTWkAJ42rkDmUElF7.jpg,2022_12_7_3_A,624,58,valid
test/47,test,2022_12_7_1_B-creport_346_jpg.rf.FsLuKpCKbWcQ7bpmV2WJ.jpg,2022_12_7_1_B,346,67,test
test/48,test,2022_12_7_3_A-creport_664_jpg.rf.oEOwTFCkLkYjewPwAxaI.jpg,2022_12_7_3_A,664,61,train
test/49,test,2022_12_7_3_A-creport_610_jpg.rf.auU0l2vMYgBY8CkWifg9.jpg,2022_12_7_3_A,610,54,valid
